RevolvingUtilizationOfUnsecuredLines,age,NumberOfTime30-59DaysPastDueNotWorse,DebtRatio,MonthlyIncome,NumberOfOpenCreditLinesAndLoans,NumberOfTimes90DaysLate,NumberRealEstateLoansOrLines,NumberOfTime60-89DaysPastDueNotWorse,NumberOfDependents,SeriousDlqin2yrs
0.88551908,43,0,0.177512717,5700.0,4,0,0,0,0.0,
0.463295269,57,0,0.527236928,9141.0,15,0,4,0,2.0,
0.043275036,59,0,0.687647522,5083.0,12,0,1,0,2.0,
0.280308229,38,1,0.925960637,3200.0,7,0,2,0,0.0,
0.9999999,27,0,0.019917227,3865.0,4,0,0,0,1.0,
0.509791452,63,0,0.342429365,4140.0,4,0,0,0,1.0,
0.587778161,50,0,1048.0,0.0,5,0,0,0,3.0,
0.046148938,79,1,0.3691702,3301.0,8,0,1,0,1.0,
0.013527027,68,0,2024.0,,4,0,1,0,0.0,
0.9999999,23,98,0.0,0.0,0,98,0,98,0.0,
0.0284849,37,0,0.319686529,7400.0,8,0,1,0,1.0,
0.085076597,52,0,0.903552105,4250.0,6,0,2,0,0.0,
0.010596142,68,0,0.007782101,3854.0,16,0,0,0,0.0,
0.380678869,30,0,0.37744902,2500.0,12,0,0,0,1.0,
0.556893515,56,0,0.697347208,6822.0,14,0,1,0,1.0,
0.079055723,28,0,0.105831231,7133.0,8,0,0,0,0.0,
0.543013445,72,0,0.461786138,5900.0,10,0,2,0,1.0,
0.11234564,37,0,0.144326363,2916.0,7,0,0,0,0.0,
0.648285056,29,0,0.174850033,4500.0,4,0,0,1,1.0,
0.686406344,43,0,487.0,,10,0,0,0,1.0,
0.085909749,48,0,0.19615602,8844.0,8,0,1,0,1.0,
0.158548716,61,0,0.353158292,11920.0,13,0,1,0,0.0,
0.009303162,69,0,0.384451019,6083.0,4,0,2,0,0.0,
0.95744175,69,2,0.666337936,3041.0,8,1,1,1,1.0,
0.442489363,50,1,0.286554523,8500.0,17,0,1,0,2.0,
0.125267033,51,0,3825.0,,10,0,2,0,0.0,
0.9999999,45,0,0.0,4750.0,1,0,0,0,1.0,
0.181480656,67,0,1509.0,,12,0,1,0,0.0,
0.729396906,34,0,0.335555259,7500.0,6,0,2,0,1.0,
0.024445377,47,0,5810.0,,20,0,2,0,2.0,
0.691411308,44,0,0.173777315,4804.0,10,0,0,0,0.0,
0.0,55,0,2007.0,,5,0,1,0,0.0,
0.0,57,0,0.212446888,4000.0,12,0,0,0,0.0,
0.817480149,54,0,0.13272101,4354.0,6,0,0,0,0.0,
1.008266866,61,4,0.261173013,8166.0,14,0,1,0,1.0,
0.423358479,49,0,0.616301423,2600.0,13,0,1,0,1.0,
0.282515024,32,0,0.49290142,5000.0,10,0,1,0,1.0,
0.14212674,56,0,4009.0,,9,0,2,0,2.0,
0.022738142,41,0,0.343160782,5833.0,5,0,1,0,3.0,
0.005893211,57,1,0.386379019,11819.0,25,0,4,0,1.0,
0.603509659,47,0,1.009598604,4583.0,21,0,12,0,3.0,
0.715499066,40,2,0.642835504,3300.0,12,0,2,0,0.0,
0.640013926,46,0,0.854994215,2592.0,13,0,1,0,0.0,
0.025266165,60,0,0.348583548,6600.0,8,0,2,0,0.0,
0.19088468,67,1,2.994208494,1035.0,23,0,1,0,0.0,
0.003449175,79,0,5.0,,4,0,0,0,0.0,
0.013049348,80,0,7.0,,2,0,0,0,,
0.222960536,56,0,0.457949309,10415.0,12,0,2,0,3.0,
0.019542164,41,0,0.189562088,5000.0,15,0,0,0,0.0,
0.524461145,56,0,0.412297893,8163.0,9,0,2,0,3.0,
0.083716694,52,0,0.105468338,9490.0,18,0,0,0,0.0,
0.12714116,87,0,0.135945622,2500.0,14,0,0,0,0.0,
0.004229082,45,0,0.282128747,8605.0,5,0,2,0,1.0,
0.9999999,48,0,0.29995905,4883.0,4,0,2,0,0.0,
0.09828419,36,0,0.375484586,5416.0,13,0,1,0,0.0,
0.553245935,47,1,0.3496557,6534.0,8,0,1,0,1.0,
0.113111018,69,0,0.037392521,5000.0,4,0,0,0,1.0,
0.623466258,29,1,0.007997715,3500.0,6,0,0,0,0.0,
0.586821108,59,1,0.323968393,3416.0,7,0,0,0,0.0,
0.473293345,36,1,0.475249939,4100.0,6,0,1,0,3.0,
0.404983801,63,0,0.023952352,46675.0,6,0,0,0,1.0,
0.042376836,48,0,0.291894162,16666.0,8,0,2,0,0.0,
0.0,32,0,0.440890919,1750.0,7,0,1,0,0.0,
0.008699783,63,0,0.6961013,3000.0,6,0,1,0,0.0,
0.017808676,46,0,0.748034754,2416.0,6,0,2,0,0.0,
0.128594901,74,0,0.795734755,3000.0,22,0,2,0,0.0,
0.057245192,44,0,0.402049829,12000.0,9,0,2,0,0.0,
0.9999999,36,0,0.00239952,5000.0,0,0,0,0,0.0,
0.060830479,60,0,0.27274191,6210.0,8,0,1,0,0.0,
0.9999999,52,98,0.020302695,2708.0,0,98,0,98,0.0,
0.304505013,53,0,1909.0,,8,0,1,0,0.0,
1.007999,31,0,0.12593588,5208.0,3,0,0,0,0.0,
0.205385796,71,0,0.167160055,10133.0,8,0,1,0,0.0,
0.9999999,34,1,0.322838581,2000.0,3,0,0,0,0.0,
0.146739206,45,0,0.186481352,10000.0,10,0,1,0,2.0,
0.789460527,60,0,0.174165795,8600.0,6,0,1,0,0.0,
0.461022124,49,0,1.02429402,4815.0,15,0,1,0,2.0,
0.178906103,40,0,0.830723092,3000.0,13,0,2,0,1.0,
0.0,62,0,3764.0,,14,0,3,0,0.0,
0.04553706,38,0,0.421822272,8000.0,10,0,2,0,4.0,
0.085647252,47,0,577.0,,9,0,0,0,,
0.179955135,50,0,0.273643863,12000.0,9,0,1,0,0.0,
0.0,25,0,0.358946213,1821.0,7,0,0,0,0.0,
0.076354096,80,0,0.095634096,7695.0,13,0,0,0,0.0,
0.274073057,48,0,0.224086484,20442.0,10,0,2,0,5.0,
0.0,49,0,0.481076863,5125.0,6,0,2,0,0.0,
0.670106417,22,0,0.172031077,900.0,3,0,0,0,0.0,
0.0,45,0,743.0,,8,0,1,0,0.0,
0.2484951,26,0,0.22406639,2650.0,7,0,0,0,0.0,
0.121839737,25,0,0.712418301,764.0,6,0,0,0,0.0,
0.471882029,33,0,0.009030801,6200.0,1,0,0,0,2.0,
0.127925892,51,0,0.25369501,5750.0,11,0,1,0,3.0,
0.017074014,49,0,0.333349593,20500.0,10,0,2,0,2.0,
0.217222445,55,0,0.349096501,2600.0,4,0,1,0,1.0,
0.002333278,61,0,0.081550486,12666.0,8,0,2,0,1.0,
0.005574991,68,1,3.014804416,15670.0,32,0,21,0,0.0,
0.425852948,57,0,0.421084912,14673.0,16,0,2,0,1.0,
0.633435124,44,0,0.702283105,6569.0,13,0,1,0,3.0,
0.010456209,51,0,0.0121673,2629.0,7,0,0,0,0.0,
0.003817835,28,0,0.139479905,3383.0,6,0,0,0,0.0,
0.784202555,48,0,0.255395683,5837.0,6,0,0,0,0.0,
0.743010708,42,0,0.644246501,5500.0,8,0,2,0,2.0,
0.065279751,63,0,1227.0,,10,0,1,0,0.0,
0.726230416,42,0,0.511542364,7883.0,8,0,1,0,2.0,
0.00188723,37,1,2705.0,,15,0,3,0,0.0,
0.179196308,25,0,0.020753267,1300.0,3,0,0,0,0.0,
0.691711851,42,2,0.317501361,7347.0,10,1,1,0,0.0,
0.208787353,80,0,0.355753499,5500.0,11,0,2,0,1.0,
0.008226938,58,0,0.17470617,8167.0,13,0,1,0,0.0,
0.143404799,47,0,0.342215519,5966.0,11,0,2,0,0.0,
0.178282566,54,0,6971.0,,17,0,1,0,0.0,
0.134259516,32,0,2335.0,,11,0,2,0,1.0,
0.075396229,39,0,0.720239975,3166.0,10,0,1,0,2.0,
0.9999999,40,0,583.0,,2,1,0,1,1.0,
0.9999999,33,0,0.058776489,2500.0,4,0,0,0,0.0,
0.053565615,63,0,0.216343969,11000.0,15,0,2,0,0.0,
0.007959951,64,0,1139.0,,4,0,1,0,0.0,
0.9999999,31,0,0.200719712,2500.0,4,0,0,0,0.0,
0.0,43,0,0.29008672,5880.0,8,0,2,0,0.0,
0.011298743,60,0,0.202783777,4166.0,11,0,1,0,0.0,
0.137670636,61,0,0.505499214,7000.0,7,0,2,0,1.0,
0.067472315,56,1,0.625610482,8394.0,20,0,3,0,0.0,
0.156938644,53,0,0.154980627,8000.0,5,0,1,0,5.0,
2.182724252,49,0,497.0,,2,2,0,1,0.0,
0.00441315,44,0,3092.0,,8,0,1,0,0.0,
0.167302177,59,0,0.24471435,15560.0,31,0,2,0,1.0,
0.009340957,93,0,0.002749313,4000.0,6,0,0,0,1.0,
0.008623707,50,0,0.461307738,3333.0,10,0,2,0,0.0,
0.061956607,62,0,2103.0,,6,0,2,0,0.0,
0.276868925,37,0,0.672418752,6953.0,16,0,3,0,0.0,
0.038497689,65,1,0.34064482,3783.0,19,0,1,0,0.0,
0.839659145,42,0,0.43650047,7440.0,9,0,2,0,2.0,
0.011208483,60,0,0.184545236,8333.0,6,0,0,0,0.0,
6.06e-05,65,2,0.172082509,3538.0,8,0,0,0,0.0,
0.176630241,67,0,0.940594059,100.0,9,1,0,0,0.0,
0.081920615,80,0,0.291636186,4100.0,12,0,2,0,0.0,
0.850404518,50,1,0.602526085,9104.0,13,0,3,0,0.0,
0.0,50,1,0.501399888,12500.0,11,0,2,0,0.0,
0.007930445,60,0,0.039027284,8429.0,11,0,1,0,0.0,
0.0,34,0,0.227569657,7500.0,5,0,1,0,2.0,
0.038033307,76,0,0.010418475,5758.0,7,0,0,0,0.0,
0.0,59,0,0.536007293,3290.0,10,0,1,0,0.0,
0.001519939,78,0,454.0,,3,0,0,0,0.0,
0.0,37,0,0.14114202,3414.0,7,0,0,0,0.0,
0.979429915,44,0,0.359285258,4700.0,9,1,0,0,2.0,
0.016361653,31,0,0.116996384,4700.0,3,0,0,0,0.0,
0.015773308,76,0,0.062423799,4100.0,5,0,0,0,1.0,
0.0,54,2,0.606725146,2735.0,8,0,2,0,0.0,
0.003749813,59,0,0.000879507,2273.0,4,0,0,0,0.0,
0.48197391,56,0,0.606888251,10800.0,19,0,3,0,0.0,
0.016171777,63,0,0.005020203,8166.0,4,0,0,0,0.0,
0.0,35,0,0.112387868,23409.0,4,0,1,0,0.0,
0.057502948,68,0,114.0,,9,0,0,0,0.0,
0.286390906,58,0,1973.0,,9,0,1,0,0.0,
0.006889335,54,0,0.656827454,4166.0,11,0,1,0,3.0,
0.0,46,0,0.60406335,6250.0,13,0,1,0,4.0,
0.247602204,51,1,0.421939349,8012.0,9,0,3,0,2.0,
0.0050266,64,0,741.0,,11,0,1,0,0.0,
1.082882132,49,0,2279.0,,6,0,2,0,1.0,
0.0,44,0,0.635591102,4000.0,10,0,1,0,1.0,
0.042934116,64,0,0.173961562,8064.0,6,0,1,0,0.0,
0.000359993,50,0,0.795135792,12334.0,7,0,1,0,0.0,
0.270135526,45,0,1334.0,,7,0,1,0,0.0,
0.571639446,46,0,0.08411215,4279.0,2,0,0,0,3.0,
0.015099748,54,0,0.008663779,3000.0,5,0,0,0,1.0,
0.254112438,48,0,199.0,,3,0,0,0,0.0,
49.92307692,62,1,1396.0,,6,2,0,1,0.0,
0.278772123,33,0,2319.0,,7,0,2,0,0.0,
0.925877622,66,3,0.332060302,4974.0,9,0,1,0,1.0,
0.0,57,0,0.315624107,3500.0,7,0,1,0,0.0,
0.009420475,77,0,0.002739726,6204.0,7,0,0,0,0.0,
0.0,68,0,1.012993503,2000.0,14,0,1,0,1.0,
0.032264648,39,0,0.446766348,5550.0,13,0,1,0,0.0,
0.607622394,31,0,0.446745562,7773.0,7,0,1,0,0.0,
0.10725053,49,0,0.605112154,5750.0,8,0,2,0,2.0,
1.346613546,48,1,349.0,,4,0,0,0,0.0,
0.18961061,53,0,0.34534712,3384.0,8,0,1,0,2.0,
0.713289152,56,0,0.259185204,4000.0,22,0,0,0,1.0,
0.0,59,0,0.426371575,15000.0,10,0,2,0,2.0,
0.017215349,65,0,0.39656155,10527.0,11,0,3,0,0.0,
0.013926305,32,1,0.314481577,3500.0,7,0,2,0,1.0,
0.048730085,46,0,0.136486351,10000.0,2,0,1,0,1.0,
0.240282572,49,0,0.064624776,9500.0,4,0,0,0,3.0,
0.213174897,66,0,0.282042553,11749.0,17,0,2,0,0.0,
0.924162806,55,0,0.772163712,7500.0,14,0,3,0,1.0,
0.140642968,64,0,84.0,,1,0,0,0,0.0,
0.033450084,51,0,0.064366954,8000.0,5,0,0,0,0.0,
0.421034057,43,0,0.026646744,8030.0,2,0,0,0,0.0,
0.9999999,49,0,0.041681511,14034.0,3,0,1,0,1.0,
0.058515422,45,0,0.84083045,2600.0,13,0,1,0,1.0,
0.0,53,0,0.14004914,2848.0,4,0,0,0,0.0,
0.52726573,47,0,0.160789083,7400.0,5,0,0,0,3.0,
0.148418119,53,0,0.278813064,15400.0,12,0,1,0,3.0,
0.978675645,62,0,0.432150313,1436.0,2,0,0,0,0.0,
0.0,41,0,0.0,3333.0,2,0,0,0,0.0,
0.429597315,45,0,0.357663191,7000.0,10,0,1,0,2.0,
0.20883009,72,0,1022.0,,6,0,0,0,0.0,
0.002927332,64,0,0.276258206,5483.0,16,0,2,0,0.0,
0.024887045,51,0,2384.0,,10,0,1,0,,
0.029882946,73,0,0.038212816,1700.0,8,0,0,0,0.0,
0.9999999,41,0,0.438083727,9100.0,5,0,2,0,4.0,
0.394068341,77,0,0.197055081,5500.0,12,0,0,0,1.0,
0.831942403,56,4,0.39885744,3850.0,21,0,0,0,0.0,
0.809292223,72,0,0.474273675,9017.0,11,0,1,0,0.0,
0.290154049,63,0,10564.0,,22,0,2,0,0.0,
0.185407296,67,0,680.0,,5,0,1,0,0.0,
0.053850845,42,0,2935.0,,19,0,1,0,3.0,
0.003644731,66,0,1759.0,,7,0,2,0,1.0,
0.732133933,35,0,0.500744048,2687.0,6,0,0,0,1.0,
0.029643172,84,0,30.0,,6,0,0,0,0.0,
0.9999999,24,0,0.0,4223.0,0,0,0,0,0.0,
0.36993884,39,0,0.373256945,9250.0,6,0,2,0,2.0,
0.10742322,57,0,0.146658782,1690.0,10,0,0,0,0.0,
0.064430288,58,0,0.167408554,5166.0,3,0,1,0,2.0,
0.275772423,33,0,880.0,,4,0,1,0,0.0,
0.958208358,36,0,0.227831431,4555.0,4,0,1,0,1.0,
0.034044379,59,0,0.170060998,30000.0,14,0,2,0,1.0,
0.626668121,46,1,0.240697824,15533.0,11,0,2,0,1.0,
0.216438432,54,0,0.271155693,9370.0,9,0,2,0,1.0,
0.033747591,75,0,0.015472507,4200.0,3,0,0,0,1.0,
0.021689777,37,0,0.367581366,4700.0,11,0,2,0,0.0,
0.020755209,64,0,0.281244231,10833.0,18,0,2,0,1.0,
0.14958287,54,0,0.122575485,5000.0,4,0,0,0,0.0,
0.145354186,52,0,2232.0,,7,0,1,0,0.0,
0.022265829,58,0,0.226433961,11000.0,15,0,2,0,1.0,
0.814895526,32,0,0.08496732,5966.0,7,0,0,0,2.0,
0.017541359,48,0,0.318359658,6900.0,11,0,1,0,0.0,
0.997334222,57,0,0.06231109,4300.0,2,0,0,0,0.0,
0.732402711,51,0,4.190899001,900.0,12,0,1,0,2.0,
0.9999999,48,2,0.0,4955.0,0,1,0,0,4.0,
0.759181385,27,2,0.551020408,440.0,4,0,0,0,0.0,
0.134548672,63,0,0.367797134,9700.0,13,0,2,0,0.0,
0.206049738,63,0,0.2826448,9633.0,13,0,1,0,0.0,
0.2038457,61,0,0.140904925,12000.0,10,0,0,0,0.0,
0.000849958,74,0,1708.0,,6,0,2,0,0.0,
0.180450699,44,1,858.0,,11,1,1,0,0.0,
1.098820771,76,0,789.0,0.0,3,0,0,0,0.0,
0.026848658,82,0,16.0,,5,0,0,0,0.0,
0.0,27,0,0.0,,2,0,0,0,,
0.195904924,50,0,0.368877748,5185.0,6,0,2,0,2.0,
0.9999999,52,0,0.142409782,6705.0,3,0,1,0,2.0,
0.125989673,58,0,0.028969957,1863.0,5,0,0,0,0.0,
0.014449134,63,0,0.166261963,7000.0,9,0,1,0,2.0,
0.428587127,60,0,0.385600351,13666.0,11,0,2,0,1.0,
0.883238361,31,0,0.305908513,3147.0,3,0,0,0,0.0,
0.10892571,76,0,0.34344276,6000.0,19,0,2,0,0.0,
0.205646242,40,0,0.631188119,3635.0,16,0,2,0,0.0,
0.031861159,72,0,2117.0,,12,0,1,0,1.0,
0.000257085,53,0,19.0,,19,0,0,0,0.0,
0.915307733,43,0,0.110864252,4500.0,6,1,0,0,2.0,
0.9999999,66,0,0.0,,2,0,0,0,,
0.618874773,30,0,0.024268824,1606.0,1,0,0,1,0.0,
0.007645376,57,0,1212.0,,8,0,1,0,0.0,
0.684093698,33,0,0.439461883,8250.0,15,0,1,0,0.0,
0.001399907,89,0,0.0,,1,0,0,0,0.0,
0.0,50,0,1199.0,,8,0,1,0,0.0,
0.417083304,46,0,0.503651539,3833.0,3,0,1,0,3.0,
0.9999999,53,1,0.0,,1,0,0,0,3.0,
0.00917726,58,1,0.409808269,23000.0,16,0,4,0,0.0,
0.849782107,27,0,0.024883359,4500.0,3,0,0,0,4.0,
0.011324018,39,0,0.162878788,9503.0,13,0,1,0,1.0,
0.286831101,47,0,0.293654697,4065.0,8,0,1,0,2.0,
0.0,72,0,0.010570422,10500.0,4,0,0,0,0.0,
0.506957355,32,0,0.075554339,3652.0,10,0,0,0,0.0,
0.898982993,50,0,0.267183204,4000.0,7,0,0,0,0.0,
0.034998214,46,0,0.544982007,2500.0,10,0,1,0,1.0,
0.340200948,48,1,0.374906273,4000.0,10,0,2,0,2.0,
0.327713637,36,0,0.789536837,4166.0,10,0,1,0,0.0,
0.720891481,45,0,0.051474263,2000.0,3,0,0,1,2.0,
0.081345933,60,0,0.277953674,6000.0,5,0,1,0,0.0,
0.617271677,70,0,0.381930366,11344.0,11,0,2,0,1.0,
0.348685811,33,0,0.320965209,12100.0,21,0,2,0,0.0,
0.027632517,71,0,68.0,,10,0,0,0,0.0,
0.017548637,58,0,0.148234201,4303.0,17,0,0,0,0.0,
0.008856806,75,0,0.407658598,9583.0,13,0,2,0,1.0,
0.337493001,41,0,0.196317749,4833.0,6,0,1,0,0.0,
0.457509237,73,0,1200.0,,5,0,1,0,0.0,
0.083144299,57,0,0.172501967,5083.0,4,0,1,0,2.0,
0.947670009,46,0,0.494860499,8852.0,8,0,2,0,0.0,
0.366597647,31,0,0.058125583,7500.0,4,0,0,0,0.0,
1.066445183,35,1,0.165933627,2500.0,2,3,0,0,4.0,
0.34019244,57,1,0.158244836,8568.0,6,0,1,0,0.0,
0.483634515,48,0,0.567567568,6400.0,14,0,2,0,4.0,
0.172365527,66,0,25.0,,1,0,0,0,0.0,
0.034699306,60,0,0.073642119,3000.0,8,0,0,0,0.0,
0.052308174,40,0,1664.0,,7,0,1,0,0.0,
0.041379116,34,0,0.208582141,7200.0,6,0,0,0,2.0,
0.089709159,43,1,0.402213038,7500.0,11,0,1,0,0.0,
0.9999999,57,0,0.326965793,2250.0,4,0,0,0,2.0,
0.905861456,51,0,0.075358166,3489.0,4,0,0,0,0.0,
0.575369852,24,2,0.089415798,7000.0,3,0,0,1,1.0,
0.0,80,0,0.214575613,5666.0,2,0,1,0,0.0,
0.368631369,39,0,0.127643214,2600.0,3,0,0,0,2.0,
0.131280805,48,0,0.108642776,12333.0,10,0,1,0,2.0,
0.006832644,82,0,0.002056908,2916.0,4,0,0,0,0.0,
0.243358555,41,0,0.121696035,1815.0,3,0,0,0,2.0,
0.0,63,0,0.084589748,6300.0,12,0,0,0,0.0,
0.359217365,56,0,0.605514316,6600.0,12,0,1,0,0.0,
0.069993637,72,0,1214.0,,7,0,1,0,0.0,
0.071973808,71,0,0.17888965,2917.0,5,0,0,0,0.0,
0.466309231,48,1,0.041061192,7500.0,4,0,0,0,2.0,
0.029682648,61,0,0.234221262,4166.0,11,0,1,0,0.0,
0.186173338,69,0,0.370450364,12500.0,9,0,2,0,0.0,
0.105375623,61,0,0.021236073,10500.0,13,0,0,0,0.0,
0.9999999,41,1,0.640543782,2500.0,2,1,1,0,0.0,
0.006284729,70,1,0.653194263,2300.0,17,0,1,0,0.0,
0.027004649,95,0,14.0,,3,0,0,0,0.0,
0.9999999,22,98,0.0,0.0,0,98,0,98,0.0,
0.969540805,46,2,0.405956752,2450.0,6,0,0,0,3.0,
0.028436231,36,0,0.341331734,5000.0,8,0,1,0,0.0,
0.763109569,27,1,0.257288292,2160.0,2,2,0,0,0.0,
0.028928627,39,0,0.084468146,10500.0,23,0,1,0,0.0,
0.9999999,43,2,0.514240971,10216.0,4,0,4,0,0.0,
0.578236848,52,0,0.16960949,29166.0,13,0,2,0,1.0,
0.533066705,33,0,0.094577554,5550.0,2,0,0,0,1.0,
0.9999999,40,0,0.671442852,3000.0,3,0,1,0,1.0,
0.220881416,46,4,0.157137145,2500.0,10,0,0,1,0.0,
0.042667341,63,0,0.401323955,4833.0,6,0,1,0,1.0,
0.014986314,60,0,8375.0,,12,0,2,0,0.0,
0.984414671,49,0,0.504740562,5800.0,9,0,1,0,1.0,
0.75249501,21,0,11.0,,1,0,0,0,,
0.036814114,51,0,0.582604349,4000.0,8,0,2,0,0.0,
0.044292743,51,0,0.361773038,6000.0,7,0,1,0,3.0,
0.009377361,48,0,0.235357335,5582.0,5,0,2,0,3.0,
0.733149559,36,0,957.0,0.0,10,0,0,0,2.0,
0.063021363,72,0,0.398981942,8250.0,12,0,2,0,0.0,
0.0,71,0,0.495450455,10000.0,14,0,3,0,0.0,
0.069146543,67,0,0.466766617,2000.0,5,0,0,0,0.0,
0.067496875,31,0,0.417817226,6083.0,12,0,1,0,0.0,
0.013049348,64,0,7.0,,1,0,0,0,,
0.01603393,33,0,0.290044494,3595.0,9,0,1,0,0.0,
0.045243305,52,0,0.391944008,7000.0,18,0,1,0,2.0,
0.002370312,42,0,0.341711809,4614.0,6,0,1,0,2.0,
0.561758201,60,0,0.279902512,5333.0,8,0,1,0,0.0,
0.210749097,73,1,0.225358423,2231.0,7,0,1,0,0.0,
0.550656844,51,0,0.532282025,8750.0,10,0,2,0,2.0,
0.086702549,33,0,0.05341331,3500.0,4,0,0,0,0.0,
0.9999999,54,0,0.0,3326.0,2,0,0,1,0.0,
0.022412853,44,0,4343.0,,24,0,3,0,0.0,
0.001999818,32,0,0.070074394,4166.0,3,0,0,0,0.0,
0.019960001,66,0,0.21327076,7670.0,5,0,1,0,0.0,
0.156882983,57,0,0.008569388,4200.0,4,0,0,0,0.0,
0.148683359,46,0,0.399697111,8583.0,8,0,2,0,3.0,
0.516859326,54,0,0.07016906,5500.0,7,0,0,0,0.0,
0.372862731,75,0,439.0,,6,0,0,0,0.0,
0.260367064,63,0,0.287097782,3200.0,20,0,1,0,0.0,
0.623240462,35,0,591.0,,3,2,0,0,5.0,
0.0,38,0,0.674038348,8500.0,17,0,8,0,0.0,
0.198085475,45,0,0.320949029,7670.0,10,0,2,0,0.0,
0.044441358,47,0,2187.0,,7,0,1,0,0.0,
0.052996146,79,2,0.358591445,5423.0,16,0,1,0,0.0,
0.30282705,44,0,0.249783174,19600.0,12,0,5,0,0.0,
0.012453979,70,0,0.110111236,8000.0,5,0,1,0,1.0,
0.829486505,49,0,1.134385201,1837.0,11,0,2,0,1.0,
0.020416935,52,0,0.006130168,7666.0,8,0,0,0,2.0,
0.020093645,63,0,0.003086039,8100.0,3,0,0,0,1.0,
0.978912979,28,2,675.0,,7,1,0,2,0.0,
0.030139212,76,0,0.015484515,2001.0,5,0,0,0,0.0,
0.8850046,65,0,5589.0,,6,0,2,0,0.0,
0.9999999,54,1,0.113884007,2844.0,0,0,0,0,0.0,
0.291033485,41,0,2003.0,,10,0,1,0,0.0,
0.061433893,40,0,0.304659014,7404.0,3,0,2,0,0.0,
0.008727786,59,0,0.150012186,8205.0,7,0,1,0,1.0,
0.09229527,40,0,0.349328215,4167.0,9,0,1,0,0.0,
0.9999999,21,1,0.0,,0,0,0,0,,
0.571149231,32,1,0.136551286,3148.0,4,0,0,0,0.0,
0.379727441,34,0,818.0,0.0,7,0,0,0,2.0,
0.812164229,57,0,0.538064226,4452.0,12,0,1,0,0.0,
0.149952223,71,0,0.741350446,3583.0,4,0,2,0,0.0,
1.239600666,46,0,0.0048,7499.0,2,1,0,0,2.0,
0.0,51,0,0.0,4580.0,4,0,0,0,0.0,
0.482468532,41,1,0.367657318,14333.0,15,0,2,0,0.0,
0.0,58,0,0.103392569,3713.0,5,0,0,0,1.0,
0.038477719,55,0,0.419938139,4202.0,6,0,2,0,2.0,
0.0,54,0,0.229685621,5820.0,4,0,1,0,0.0,
0.017196637,86,0,0.076584683,5000.0,3,0,0,0,0.0,
0.181763647,40,0,0.125408052,3675.0,2,0,0,0,4.0,
0.0,61,0,0.1585293,18412.0,8,0,1,0,1.0,
0.119052027,52,0,0.131024634,2800.0,2,0,0,0,0.0,
0.069850462,52,0,0.50879567,2216.0,12,0,1,0,0.0,
0.001145609,45,0,0.250499857,3500.0,5,0,1,0,0.0,
0.255032004,66,0,0.303727715,3084.0,17,0,1,0,0.0,
0.802081827,70,0,0.266336683,20000.0,12,0,0,0,0.0,
0.045797503,57,3,2833.0,,14,0,1,0,0.0,
0.0,71,0,0.307448759,6000.0,7,0,2,0,0.0,
0.010512551,66,0,0.14345747,6900.0,8,0,2,0,2.0,
0.031498425,64,0,0.170848105,7333.0,4,0,1,0,0.0,
0.0,42,0,0.168567411,6400.0,2,0,1,0,2.0,
0.267994991,65,0,0.647454453,11745.0,13,0,3,0,0.0,
0.180200825,54,0,0.098465766,8733.0,4,0,0,0,0.0,
0.031704017,72,0,0.091402456,3500.0,4,0,1,0,1.0,
0.020665978,56,0,0.20319393,11333.0,9,0,1,0,0.0,
0.147607449,77,0,0.659811482,3500.0,11,0,2,0,0.0,
0.980599647,28,0,0.473777778,1124.0,7,0,0,0,0.0,
0.011647331,91,0,0.660506329,3949.0,6,0,2,0,0.0,
0.020452686,74,0,0.197034994,5800.0,6,0,1,0,1.0,
1.057836532,68,0,0.604381202,5340.0,7,0,1,0,0.0,
0.996829526,47,0,1.056864946,2672.0,9,0,2,0,0.0,
0.055280919,72,0,3.5505816,2836.0,5,0,0,0,0.0,
0.386538409,41,0,0.319736394,8800.0,4,0,1,0,1.0,
0.027306542,71,0,0.335373771,10781.0,12,0,2,0,1.0,
0.038602457,65,0,0.003666422,15000.0,4,0,0,0,0.0,
0.127927092,50,0,0.246795151,11466.0,16,0,3,0,0.0,
0.013504042,71,0,1524.0,,5,0,1,0,0.0,
1.103039211,58,2,0.32835038,7625.0,13,5,1,7,1.0,
0.9999999,52,0,0.436839176,14375.0,4,3,1,2,2.0,
0.190535997,52,0,0.325482179,11250.0,20,0,2,0,0.0,
0.03136513,58,1,0.497475059,8118.0,20,0,6,0,0.0,
0.113747253,35,0,0.429163619,4100.0,9,0,1,0,1.0,
0.29763721,42,0,0.249457205,8750.0,6,0,1,0,3.0,
0.252812924,41,0,0.535558464,4583.0,7,0,2,0,2.0,
0.490516983,63,0,2.697795071,1541.0,10,0,2,0,0.0,
0.9999999,41,0,0.158650843,1600.0,1,0,0,0,0.0,
0.013866482,48,0,0.250590087,5083.0,13,0,2,0,0.0,
0.024399436,59,0,0.234614843,7100.0,11,0,1,0,1.0,
0.038845447,63,0,0.258164852,4500.0,6,2,1,0,0.0,
0.963394343,45,0,120.0,,3,0,0,0,1.0,
0.482129468,41,0,409.0,,3,0,0,0,2.0,
0.045237213,73,0,0.177278402,800.0,12,0,0,0,0.0,
0.028394321,28,0,0.098980204,5000.0,9,0,0,0,0.0,
0.042285139,75,0,0.317841079,2000.0,11,0,0,0,0.0,
0.17819109,59,0,1368.0,,3,0,1,0,0.0,
0.403091057,35,0,0.211175866,5833.0,6,0,0,0,3.0,
0.0,78,0,0.0,0.0,1,0,0,0,0.0,
0.023844931,62,0,0.001856878,7000.0,2,0,0,0,0.0,
0.087456985,83,0,0.024469637,8908.0,11,0,0,0,0.0,
0.002003451,80,0,6345.0,,17,0,6,0,0.0,
0.233721395,54,0,0.256813059,14640.0,11,0,2,0,0.0,
0.9999999,39,0,0.019486545,3232.0,2,0,0,0,0.0,
0.040983296,55,0,0.065261926,3416.0,3,0,0,0,0.0,
0.923907609,46,2,0.369977499,3110.0,4,0,0,0,4.0,
0.032873018,66,0,2006.0,,12,0,1,0,0.0,
0.015796841,44,0,0.342496285,2691.0,7,0,1,0,1.0,
0.059087576,47,0,78.0,,9,0,0,0,0.0,
0.316561146,50,0,0.006037001,5134.0,4,0,0,0,0.0,
0.357326139,37,0,0.34688549,8042.0,12,0,1,0,2.0,
0.648725212,27,0,0.298294328,2520.0,5,0,0,0,0.0,
0.9999999,28,0,0.133041849,1600.0,4,0,0,0,1.0,
0.016384128,56,0,0.137532355,11589.0,13,0,1,0,1.0,
0.306127195,28,0,0.020794455,3750.0,6,0,0,0,1.0,
0.004849758,49,0,3851.0,,6,0,3,0,0.0,
0.441839974,42,0,0.259337033,6666.0,9,0,1,0,3.0,
0.095967356,47,0,1.176373019,5425.0,6,0,4,0,2.0,
0.029053337,76,0,0.052416867,50250.0,9,0,2,0,0.0,
0.095516179,46,1,0.458610099,14000.0,10,0,2,0,5.0,
0.447234545,39,2,1.265346931,5000.0,29,0,3,0,2.0,
0.005419427,78,0,0.005851375,3417.0,14,0,0,0,0.0,
0.9999999,22,0,0.0,2450.0,1,0,0,0,1.0,
0.23424755,48,0,1.067055394,2400.0,13,0,3,0,3.0,
0.007633037,72,0,0.194967017,4092.0,13,0,1,0,0.0,
0.3896668,58,0,0.280625033,18750.0,11,0,4,0,4.0,
0.065682239,62,0,1053.0,,6,0,1,0,0.0,
0.696422118,27,0,0.426912929,1894.0,10,0,0,0,0.0,
0.003659008,36,0,4078.0,,4,0,2,0,,
0.608272088,46,0,1588.0,,10,0,0,0,2.0,
0.0,38,0,0.61040856,6167.0,10,0,2,0,1.0,
0.9999999,52,0,2252.0,,5,0,1,0,0.0,
0.0,43,0,1107.0,,2,0,1,0,0.0,
0.9999999,50,0,0.51144792,3100.0,6,0,1,0,1.0,
0.005601218,52,0,1.665615142,950.0,7,0,1,0,0.0,
0.073411053,42,0,0.396747253,11374.0,9,0,2,0,3.0,
0.579003209,37,0,0.614461538,3249.0,6,0,1,0,1.0,
0.10222985,61,0,0.346633416,3608.0,12,0,1,0,0.0,
0.862266351,38,0,0.213139343,6666.0,7,0,0,0,0.0,
0.393774078,53,0,0.507982583,6200.0,14,0,3,0,1.0,
0.012484092,62,0,0.154605674,8000.0,2,0,1,0,0.0,
0.089254186,60,0,0.247566991,7500.0,14,0,2,0,0.0,
0.021088992,35,0,0.474540123,3750.0,8,0,1,0,1.0,
0.109847113,75,0,0.184337349,2489.0,6,0,0,0,0.0,
0.93838682,44,2,0.10499475,6666.0,6,0,0,0,1.0,
0.003043346,81,0,2.0,,2,0,0,0,0.0,
0.066743551,55,0,0.23009276,8300.0,11,0,2,0,1.0,
1.03398867,64,4,0.169737678,11016.0,6,0,1,0,1.0,
0.542554782,45,0,3086.0,,9,0,1,0,4.0,
0.0,33,0,169.0,,8,0,0,0,0.0,
0.138037679,75,0,0.099337748,1660.0,8,0,0,0,0.0,
0.0,62,0,848.0,,4,0,1,0,0.0,
0.172644072,61,0,0.363907426,7042.0,9,0,2,0,1.0,
0.153920225,72,1,0.127110605,21083.0,9,0,2,0,1.0,
0.232038398,73,0,0.104801404,6268.0,3,0,0,0,0.0,
0.493982114,56,0,1.618966496,1760.0,10,0,3,0,0.0,
0.0,96,0,0.0,3500.0,3,0,0,0,0.0,
0.89693404,68,0,0.471449186,4850.0,7,0,0,0,1.0,
0.594108305,45,0,2931.0,,9,0,1,0,0.0,
0.004499934,69,0,8.0,,3,0,0,0,0.0,
0.674188704,43,2,0.632040884,9000.0,20,0,1,0,2.0,
0.9999999,83,0,4.0,,3,0,0,0,0.0,
0.572499279,53,0,0.708902134,5200.0,13,0,1,0,0.0,
0.002618143,52,0,43.0,,41,1,0,0,0.0,
0.9999999,87,0,2.0,,1,0,0,0,0.0,
0.029121781,63,0,0.135395836,8500.0,17,0,1,0,0.0,
0.091459519,47,0,0.638920135,5333.0,15,0,2,0,1.0,
0.900398406,53,0,0.11105318,5753.0,4,1,0,1,0.0,
0.056248835,51,0,5181.0,,13,0,1,0,0.0,
0.300733263,61,2,107.0,,2,0,0,1,0.0,
0.0,56,0,0.041958042,1000.0,1,0,0,0,0.0,
0.269102751,59,0,1848.0,,14,0,2,0,0.0,
0.028076288,40,0,0.018490755,2000.0,4,0,0,0,0.0,
0.372318745,37,1,0.502317369,4530.0,9,0,1,0,3.0,
0.0,55,0,3061.0,,8,0,1,0,0.0,
0.023436035,38,0,0.533439209,5666.0,4,0,2,0,2.0,
0.079215686,49,0,0.30562579,6327.0,7,0,1,0,1.0,
0.34241908,37,0,0.433126182,3700.0,5,0,0,0,0.0,
0.032747834,47,0,0.262549393,6832.0,14,0,3,0,1.0,
0.004407103,56,0,0.235095137,9459.0,7,0,2,0,2.0,
0.366541162,62,0,0.691494982,13250.0,24,0,5,1,3.0,
0.497443841,54,0,5512.0,,18,0,3,0,0.0,
0.008350291,68,0,0.035288928,6800.0,6,0,0,0,0.0,
0.058827662,63,0,0.22971707,5336.0,4,0,1,0,0.0,
0.117068778,57,0,0.327581485,3650.0,7,0,1,0,1.0,
0.0,41,0,0.256862745,6119.0,11,0,1,0,0.0,
0.781158796,49,2,0.262543018,22083.0,11,0,2,1,3.0,
0.728660678,50,0,0.144571295,8583.0,8,0,0,0,0.0,
0.424578771,52,0,0.296450601,18481.0,6,0,1,0,2.0,
0.141597019,46,0,0.507282153,4050.0,5,0,1,0,0.0,
0.525636993,36,2,0.597005742,4875.0,15,0,4,0,0.0,
0.064278073,64,0,0.237219803,6200.0,11,0,2,0,1.0,
0.195737265,66,0,0.302774311,10416.0,10,0,3,0,0.0,
0.092686829,60,0,0.217866982,12704.0,6,0,1,0,2.0,
0.108717389,39,0,0.062993001,9000.0,6,0,0,0,0.0,
0.00038684,62,0,0.068707285,13753.0,7,0,2,0,1.0,
0.150772126,61,0,1731.0,,11,0,1,0,1.0,
0.751477994,41,0,0.818950931,6500.0,6,0,2,0,2.0,
0.023710868,62,1,764.0,,18,0,0,0,0.0,
0.680207151,52,0,0.484224682,9666.0,14,0,1,0,1.0,
0.962866109,28,1,0.584975721,3500.0,8,0,1,2,1.0,
0.845093155,37,0,0.517303533,2773.0,11,0,0,0,0.0,
0.02602187,54,0,0.268248341,11000.0,9,0,1,0,5.0,
0.576360858,80,0,0.328237084,13800.0,10,1,3,0,0.0,
0.0,42,0,0.022687609,4583.0,4,0,0,0,2.0,
0.0,60,0,0.232606438,6740.0,5,0,1,0,0.0,
0.022893755,88,0,0.005665722,6000.0,3,0,0,0,0.0,
0.006408613,48,0,0.310137972,3333.0,7,0,0,0,1.0,
0.027845297,89,0,1763.0,,3,0,1,0,0.0,
0.0,40,0,0.231076892,10000.0,6,0,1,0,1.0,
0.004645061,60,0,1374.0,,7,0,1,0,0.0,
0.070795443,70,0,0.261801888,6248.0,27,0,1,0,1.0,
0.450473052,47,0,0.634433639,7300.0,15,0,3,0,3.0,
0.336607736,57,0,0.329766984,15234.0,13,0,2,0,0.0,
0.0,67,0,0.204708006,14400.0,8,0,2,0,0.0,
0.090537412,57,0,0.027486257,2000.0,9,0,0,0,2.0,
0.249346305,54,0,0.25545807,4900.0,14,0,0,0,0.0,
0.828997839,60,0,3030.0,,37,0,2,0,2.0,
0.9999999,31,0,0.088205128,2924.0,1,0,0,0,1.0,
0.024181657,30,0,0.3768,4999.0,10,0,2,0,0.0,
0.001821033,68,0,0.106126258,15000.0,15,0,1,0,1.0,
0.408637874,29,0,0.000731529,4100.0,1,0,0,0,1.0,
0.101717886,69,0,2120.0,,8,0,1,0,2.0,
0.01450702,83,0,0.00385439,2334.0,4,0,0,0,0.0,
0.957260685,27,0,5.68081761,635.0,9,0,2,0,2.0,
0.894591102,41,1,0.826071365,5576.0,17,0,1,0,0.0,
0.441260693,61,1,0.265160118,26417.0,19,0,4,1,2.0,
0.0,48,0,0.15052768,5400.0,2,0,1,0,0.0,
0.056324863,53,0,0.254464807,8566.0,8,0,2,0,1.0,
0.174806533,70,2,8864.0,,20,0,3,0,1.0,
0.0,37,0,0.144435548,6244.0,6,0,0,0,4.0,
0.130579614,26,0,0.275724276,1000.0,2,0,0,0,0.0,
0.055942922,42,0,0.927051672,4605.0,7,0,2,0,0.0,
0.733688415,44,0,0.037808467,4416.0,1,0,0,0,3.0,
0.374356475,64,1,0.084102102,28833.0,13,0,1,0,0.0,
0.000213951,72,0,0.0,,8,0,0,0,0.0,
0.0,46,0,0.0,14000.0,3,0,0,0,2.0,
0.562292623,40,1,0.397790684,8780.0,7,0,1,0,2.0,
0.718620809,62,0,0.556377449,5001.0,5,0,1,0,0.0,
0.99950025,28,0,0.575212394,2000.0,3,0,1,0,0.0,
0.097752141,63,0,1112.0,,22,0,1,0,0.0,
0.109615628,64,0,0.005384239,14300.0,3,0,0,0,1.0,
0.272319824,64,0,0.750904063,4700.0,21,0,2,0,0.0,
0.562291805,44,2,0.220939819,10916.0,8,2,1,0,0.0,
0.554532507,75,0,0.50667528,4643.0,18,0,2,0,0.0,
0.15364106,42,2,0.980862611,3500.0,6,0,2,0,1.0,
0.0,39,0,0.851366363,4500.0,6,0,1,0,2.0,
0.090558492,44,0,0.50355927,3230.0,3,0,1,0,3.0,
0.126727824,41,1,0.45301079,5745.0,20,0,1,0,3.0,
0.726163414,52,0,4276.0,,13,0,1,0,0.0,
0.039807628,60,0,25.0,,4,0,0,0,0.0,
0.9999999,64,0,0.0,6700.0,1,0,0,0,0.0,
0.071939944,47,0,1277.0,,5,0,1,0,0.0,
0.596280744,27,1,0.067786443,5000.0,5,0,0,0,0.0,
0.084969373,58,0,2279.0,,8,0,2,0,0.0,
0.002420925,37,0,0.318585177,8000.0,5,0,1,0,0.0,
0.046798561,49,0,0.306744364,10467.0,21,0,2,0,0.0,
0.044883763,65,0,0.255074493,10000.0,10,0,1,0,1.0,
0.276451339,37,0,0.415551537,5529.0,5,0,1,0,1.0,
0.427046402,38,0,0.28836132,3453.0,5,0,0,0,2.0,
0.051099148,67,0,0.208639568,20000.0,11,0,2,0,0.0,
0.009170826,62,0,2612.0,,16,0,3,0,0.0,
0.714747681,45,0,0.594634507,4062.0,6,0,1,0,2.0,
0.020521003,42,0,0.380925508,10631.0,9,0,2,0,2.0,
0.015039733,56,0,0.187591885,3400.0,17,0,1,0,0.0,
0.9999999,45,0,0.0,1166.0,0,0,0,0,0.0,
0.010602848,31,0,0.258867224,5384.0,6,0,0,0,0.0,
0.289109816,54,0,2450.0,,11,0,2,0,,
0.124056095,77,0,0.22095829,2900.0,14,0,0,0,0.0,
0.9999999,47,1,0.118675013,3833.0,2,0,0,0,0.0,
0.175904479,74,0,10267.0,,9,0,3,0,0.0,
0.218679466,41,0,1694.0,,3,0,1,0,0.0,
0.170195745,72,0,3762.0,,15,0,4,0,0.0,
0.016111728,49,0,1.301739652,3333.0,19,0,1,0,2.0,
0.033349166,68,0,0.262794573,4200.0,16,0,2,0,0.0,
0.127848402,63,0,307.0,,8,0,0,0,0.0,
0.109652823,59,1,0.626804887,2700.0,3,0,1,0,0.0,
0.0,51,0,0.351430761,7827.0,11,0,1,0,0.0,
0.016686457,46,0,0.001342539,5213.0,6,0,0,0,0.0,
0.9999999,37,0,0.115502855,2276.0,1,0,0,0,0.0,
0.001121896,44,0,0.332954975,7928.0,6,0,1,0,2.0,
0.049235546,51,0,0.373950038,9166.0,4,0,1,1,0.0,
0.598175228,66,0,0.16557873,6280.0,4,0,1,0,0.0,
0.0,33,0,0.0,,4,1,0,1,0.0,
0.016248475,56,0,0.324723947,21100.0,17,0,4,0,0.0,
0.567287785,38,0,0.326237213,3616.0,5,0,0,0,0.0,
0.02320332,67,0,178.0,,5,0,0,0,0.0,
0.016428322,57,0,770.0,,7,0,1,0,0.0,
0.245426412,47,0,0.564287143,5000.0,10,0,1,0,3.0,
0.239835327,60,0,0.33234163,13780.0,15,0,2,0,3.0,
0.085180964,73,0,0.338636775,11061.0,6,0,2,0,0.0,
0.138403187,72,2,0.089432023,7200.0,7,0,0,0,0.0,
0.038999093,46,0,0.007152241,6850.0,3,0,0,0,0.0,
0.152550131,56,0,0.227272727,4333.0,8,0,0,0,0.0,
0.123258833,42,0,757.0,,9,0,0,0,2.0,
0.010236573,61,0,11.0,,4,0,0,0,0.0,
0.121832277,58,0,3.516802906,1100.0,16,0,3,0,1.0,
0.260939955,63,0,0.205369894,3500.0,11,0,0,0,0.0,
0.9999999,72,0,124.0,,5,0,1,0,,
0.9999999,50,0,0.113372093,4815.0,5,0,0,0,0.0,
0.759448293,42,3,0.905239961,4083.0,17,1,1,0,2.0,
0.977524998,29,0,402.0,0.0,9,0,0,0,0.0,
0.001076228,45,0,0.248796742,2700.0,5,0,0,0,2.0,
0.004087481,63,0,389.0,,9,0,0,0,0.0,
0.670874596,28,0,1.422525825,3000.0,10,0,2,0,0.0,
0.010964448,73,0,0.515591526,4200.0,9,0,1,0,0.0,
0.239058765,40,0,2679.0,,11,0,1,0,0.0,
0.019998889,76,0,602.0,,3,0,1,0,,
0.378283342,51,0,0.224958341,5400.0,14,0,0,0,1.0,
0.044891254,55,2,0.375629796,12900.0,16,0,0,0,3.0,
0.013552275,92,0,15.0,,5,0,0,0,,
0.090927859,57,0,0.02089791,10000.0,5,0,0,0,1.0,
0.455836628,56,0,0.255529226,10127.0,5,0,1,0,1.0,
0.275483028,66,2,0.478861848,13600.0,27,0,2,0,0.0,
0.0199995,63,0,0.098422543,7416.0,8,0,1,0,0.0,
0.076436072,61,0,0.006928406,4329.0,7,0,0,0,0.0,
0.773579464,59,1,1219.0,,9,1,0,0,0.0,
0.405684359,44,2,0.242911959,9381.0,14,0,0,0,0.0,
0.955718804,55,2,0.591663843,2950.0,6,1,1,1,2.0,
0.764969657,36,0,0.356988082,3691.0,9,0,0,0,0.0,
0.9999999,57,0,237.0,,4,1,0,0,0.0,
0.068482039,66,0,0.223737177,7700.0,22,0,1,0,1.0,
0.9999999,51,0,0.043626449,4400.0,10,0,0,0,2.0,
0.181312747,65,0,0.142735514,19966.0,5,0,1,0,0.0,
0.250697855,69,0,0.856857257,2500.0,4,0,0,0,0.0,
0.9999999,24,0,0.042978511,2000.0,1,1,0,0,0.0,
0.018131055,45,0,0.422627207,12400.0,8,0,2,0,3.0,
0.474097061,37,0,165.0,,2,0,0,0,1.0,
1.07641196,27,1,76.0,,4,1,0,0,,
0.058057968,46,0,0.239965719,7000.0,11,0,1,0,1.0,
0.383570701,66,0,0.329137357,2700.0,8,0,0,0,1.0,
0.166248723,63,0,0.229692577,4000.0,9,0,1,0,0.0,
0.0,61,0,0.114397321,3583.0,4,0,0,0,0.0,
0.813543211,36,0,1.56928839,800.0,5,0,0,0,2.0,
0.907694647,27,0,0.318622848,3194.0,13,0,0,0,1.0,
0.373595987,43,0,0.390807941,13750.0,11,0,2,0,0.0,
0.450331126,39,0,0.010712755,7000.0,2,1,0,0,4.0,
0.664351121,32,0,2.363084613,2800.0,13,0,2,0,0.0,
0.363691122,47,2,0.477061114,5906.0,10,0,1,0,2.0,
0.624750499,33,0,0.286452947,2900.0,6,2,0,1,3.0,
0.016675043,68,0,0.215673141,7464.0,4,0,1,0,0.0,
0.08309574,32,0,0.158792651,1523.0,4,0,0,0,0.0,
1.002502132,45,0,3023.0,,5,0,1,0,0.0,
0.425082131,47,0,0.065539112,3310.0,4,1,0,1,3.0,
0.646433872,69,0,0.271490414,4850.0,9,0,0,0,0.0,
0.036333873,67,0,65.0,,11,0,0,0,,
0.981462964,50,0,0.918416317,3333.0,5,0,1,0,0.0,
0.565770679,60,0,0.026336294,6416.0,5,0,0,0,0.0,
0.018061936,64,0,364.0,,3,0,1,0,0.0,
1.034386246,51,0,0.925255891,4200.0,7,1,2,0,0.0,
0.798800799,54,1,423.0,,7,0,0,0,,
0.531842657,59,0,0.275191879,8077.0,7,0,1,0,1.0,
0.494935811,69,0,0.440139965,4000.0,11,0,0,0,0.0,
0.35922752,51,0,648.0,0.0,13,0,0,0,2.0,
0.186062982,52,1,0.298570961,9166.0,15,1,1,0,0.0,
0.077349919,40,0,3.277361319,2000.0,12,0,3,0,3.0,
0.018163639,45,0,0.302423113,2145.0,5,0,0,0,0.0,
0.769889254,59,0,0.354735152,4983.0,6,0,0,0,1.0,
0.148311623,69,0,0.330281023,3166.0,15,0,1,0,1.0,
0.168182468,30,0,0.635086884,4200.0,7,0,1,1,0.0,
0.103955658,73,0,0.172388869,8300.0,4,0,1,0,0.0,
0.07251457,60,0,0.105715944,18946.0,9,0,1,0,1.0,
0.0,86,0,0.010799136,4166.0,3,0,0,0,1.0,
0.9999999,36,0,0.080764075,2983.0,2,0,0,0,2.0,
0.38626913,65,0,3092.0,,12,0,2,0,0.0,
0.121528651,78,1,0.078403078,2078.0,9,0,0,0,0.0,
0.9999999,40,0,0.001153403,2600.0,0,1,0,1,2.0,
0.334690138,61,0,0.551694329,5783.0,14,0,1,0,0.0,
0.055587205,67,1,700.0,,5,0,0,0,0.0,
0.689238513,72,0,0.236173662,5550.0,8,0,0,0,0.0,
0.081368059,50,0,0.503654413,9166.0,13,0,1,0,0.0,
0.032083741,93,0,0.004061289,5416.0,2,0,0,0,0.0,
0.335664336,56,0,0.009082652,1100.0,1,0,0,0,0.0,
0.838632274,53,2,0.024995001,5000.0,2,0,0,0,2.0,
0.258760814,66,0,1714.0,,10,0,1,0,0.0,
0.033704246,74,0,0.188432549,6500.0,14,0,1,0,0.0,
1.000618541,60,2,6218.0,,12,0,2,0,0.0,
0.951368057,31,0,0.306713414,7700.0,11,0,3,0,0.0,
0.9999999,23,98,0.0,,0,98,0,98,,
0.01985514,50,0,0.862610683,3500.0,14,0,1,0,3.0,
0.210328277,68,0,2914.0,,10,0,2,0,0.0,
0.314853214,41,0,0.188978298,4100.0,7,0,0,0,2.0,
0.242144447,64,0,0.420315582,5069.0,6,0,1,0,0.0,
0.026054257,64,0,1.034386246,2500.0,29,0,1,0,0.0,
0.00780176,65,0,32.0,,11,0,0,0,1.0,
0.212881356,50,0,0.697391146,11000.0,20,0,3,0,1.0,
0.969534608,41,0,0.533808983,6166.0,16,0,2,0,3.0,
0.006746907,52,0,0.508684864,2820.0,12,0,1,0,0.0,
0.167484126,58,0,0.224651683,9832.0,8,0,2,0,2.0,
0.194805195,57,0,0.402825913,3750.0,5,0,1,0,0.0,
0.701954187,53,3,0.425631295,6850.0,15,0,1,3,2.0,
0.034565069,65,0,0.315515351,7295.0,11,0,2,0,2.0,
0.441627047,27,0,0.12780386,3833.0,4,0,0,0,1.0,
0.489037394,66,0,0.429809627,6460.0,10,0,1,0,0.0,
0.013881177,81,0,0.0,974.0,4,0,0,0,1.0,
0.040179196,66,0,2971.0,,11,0,1,0,0.0,
0.074925075,27,0,0.109478104,3333.0,5,0,0,0,0.0,
0.9999999,52,0,0.280743851,5000.0,2,0,2,0,0.0,
0.048514635,36,0,2001.0,,8,0,1,0,0.0,
0.9999999,48,2,1661.0,,2,0,1,0,,
0.145582624,53,0,5598.0,,18,0,1,0,6.0,
0.013731368,35,0,0.093121558,7806.0,13,0,0,0,0.0,
0.286391536,47,0,0.462694995,28333.0,15,0,3,0,0.0,
0.9999999,54,0,0.045189504,8917.0,2,0,0,0,0.0,
1.176823177,39,1,0.590146751,1907.0,5,1,0,0,6.0,
0.0,53,0,13.0,,16,0,0,0,0.0,
0.507783543,60,0,0.641346689,3593.0,7,0,2,0,1.0,
0.01079784,80,0,1.0,,1,0,0,0,0.0,
0.09044229,47,0,0.07095616,10583.0,9,0,0,0,2.0,
0.07157594,39,0,0.078230442,4000.0,7,0,0,1,0.0,
0.468914282,73,0,3925.0,,17,0,1,0,0.0,
0.010697957,47,1,0.361829771,8000.0,18,0,2,0,2.0,
0.176350322,28,0,1655.0,,7,0,1,1,0.0,
0.0,46,0,0.270805915,12916.0,9,0,2,0,3.0,
0.013656753,64,0,0.135485047,5483.0,9,0,1,0,0.0,
0.028726323,34,0,0.014889815,1678.0,3,0,0,0,0.0,
0.102384239,47,0,959.0,,12,0,1,0,0.0,
0.573657054,51,0,0.441633122,5216.0,7,0,1,0,1.0,
0.329931342,60,0,4268.0,,11,0,1,0,0.0,
0.27919918,61,0,895.0,,8,0,0,0,0.0,
0.589259455,31,0,0.343381389,4577.0,5,0,1,0,1.0,
0.109381573,62,0,0.013331556,7500.0,7,0,0,0,0.0,
0.248165363,52,0,0.652449184,3000.0,13,0,0,0,1.0,
0.467758064,49,0,0.278031688,6563.0,7,0,2,0,0.0,
0.568295115,48,0,0.612060199,9833.0,11,0,2,0,0.0,
0.75824144,48,1,0.875198728,5031.0,17,0,1,0,3.0,
0.005824246,71,0,0.008493353,5415.0,10,0,0,0,0.0,
0.22164344,64,0,0.21975121,25000.0,11,0,1,0,0.0,
0.012648307,75,0,23.0,,5,0,0,0,0.0,
0.001733926,33,0,0.621876735,1800.0,12,0,0,0,1.0,
0.0,55,0,0.292941412,5000.0,7,0,1,0,1.0,
0.600692861,70,0,4068.0,,21,0,1,0,0.0,
0.220245191,67,0,0.362139918,1700.0,8,0,0,0,0.0,
0.056763542,46,0,0.198984693,13000.0,5,0,1,0,0.0,
0.112201779,49,0,0.21265418,8755.0,11,0,1,0,1.0,
0.110571275,67,0,0.424718271,5412.0,10,0,1,0,0.0,
0.398120376,54,0,0.052304965,1127.0,1,0,0,0,0.0,
0.726130569,45,0,0.127597873,60000.0,18,0,4,0,2.0,
0.022081374,56,0,0.149826334,6333.0,6,0,1,0,0.0,
0.064025701,59,0,0.276210397,19600.0,21,0,4,0,2.0,
0.9999999,40,0,2198.0,,7,0,1,0,0.0,
0.001522129,64,0,0.202407672,4900.0,10,0,1,0,0.0,
0.9999999,58,0,0.380599778,2700.0,2,0,0,0,0.0,
0.399813865,71,0,0.234757092,9200.0,6,0,2,0,1.0,
0.9999999,49,0,0.0,3640.0,0,0,0,0,0.0,
0.007322367,63,0,0.28032825,12916.0,9,0,3,0,0.0,
0.824052264,39,1,0.345428157,6200.0,8,0,0,0,4.0,
0.366996426,48,1,3724.0,,13,0,1,0,0.0,
0.025076978,51,0,1133.0,,12,0,1,0,0.0,
0.161825321,41,0,0.411085167,8136.0,11,0,5,0,0.0,
0.000162153,38,0,0.353160481,5900.0,5,0,1,0,3.0,
0.501188956,43,1,0.44681271,5066.0,10,0,1,0,0.0,
0.020606131,51,0,0.10015804,10123.0,13,0,1,0,3.0,
0.0,48,0,0.426957304,10000.0,6,0,1,0,1.0,
0.9999999,25,0,570.0,,2,1,0,0,0.0,
0.01025714,59,0,0.102418798,7234.0,14,0,1,1,0.0,
0.0,43,0,1.206131768,4598.0,8,0,2,0,0.0,
0.039086958,56,0,0.43904471,3600.0,9,0,3,0,0.0,
0.447177676,68,1,0.318446926,6000.0,6,0,0,0,0.0,
0.206172447,49,0,822.0,,9,0,0,0,0.0,
0.9999999,32,0,0.027594481,5000.0,1,0,0,0,0.0,
0.014720368,57,1,0.675314147,7400.0,16,0,1,0,0.0,
0.20918405,34,0,0.198422713,3169.0,9,0,0,0,0.0,
0.026655356,62,0,0.645475519,3900.0,14,0,1,1,1.0,
0.218960323,63,3,1.186167693,2110.0,8,0,2,0,0.0,
0.0,41,0,0.785435169,2814.0,13,0,1,0,0.0,
0.79683597,46,2,0.003670243,7083.0,4,1,0,0,3.0,
0.063993601,57,4,4331.0,,7,0,1,0,0.0,
0.134703548,42,0,0.086782643,5000.0,8,0,0,0,3.0,
0.9999999,38,1,0.213934601,4678.0,2,0,0,1,1.0,
0.12093061,71,0,0.20248484,6760.0,4,0,1,0,0.0,
0.9999999,26,0,8.0,,3,0,0,0,,
0.193283701,68,0,0.50603245,7210.0,17,0,1,0,1.0,
0.452031268,48,2,12162.0,,11,0,3,1,0.0,
0.237456891,30,0,0.355833476,5836.0,8,0,1,0,1.0,
0.139959647,74,0,3709.0,,12,0,3,0,0.0,
0.0,47,0,0.0,,4,0,0,0,0.0,
0.560406599,30,0,0.039984006,2500.0,2,0,0,0,0.0,
0.057411882,46,0,0.369858612,3111.0,7,0,1,0,0.0,
0.257323394,48,0,0.100345392,5500.0,14,2,0,0,0.0,
0.364628332,58,0,0.153592753,14570.0,11,0,2,0,1.0,
0.111418207,67,0,0.280812641,6644.0,7,0,1,0,0.0,
0.9999999,21,0,396.0,0.0,1,0,0,0,0.0,
0.36595674,42,0,0.401956553,6950.0,15,0,2,0,2.0,
0.263845614,56,1,0.247919489,15500.0,14,0,2,0,0.0,
0.061570036,41,0,1.219876416,5825.0,23,0,4,0,0.0,
0.014521255,86,1,0.003581555,6700.0,9,0,0,0,0.0,
0.143825055,38,0,0.460513487,6153.0,13,0,2,0,1.0,
0.113773573,36,0,0.276175041,9254.0,9,0,1,0,0.0,
0.591362126,54,1,652.0,,2,0,1,0,0.0,
0.382998262,28,0,0.130996517,8900.0,14,0,0,0,0.0,
0.050686911,74,0,0.013197361,5000.0,3,0,0,0,0.0,
0.212732272,58,0,0.389246834,4500.0,12,0,2,0,0.0,
0.0,62,0,0.0,,4,0,0,0,,
0.624548542,51,0,0.458032921,7350.0,10,0,0,0,0.0,
0.105407349,35,0,342.0,,6,0,0,0,,
0.485834684,61,1,0.435128519,4901.0,7,0,0,1,2.0,
0.0,64,0,0.046891059,7783.0,3,0,0,0,2.0,
0.000824979,28,0,33.0,,5,0,0,0,0.0,
0.108645315,50,0,0.195196174,9200.0,11,0,1,0,1.0,
0.355557451,65,0,0.358421345,8994.0,10,0,2,0,0.0,
0.588141186,72,0,1.227332457,1521.0,6,0,2,0,0.0,
0.354241325,55,0,0.147629653,22000.0,11,0,1,0,0.0,
0.007057042,49,0,0.141343307,6416.0,15,0,0,0,0.0,
0.039729241,41,0,0.358675276,4800.0,7,0,3,0,0.0,
0.247259883,52,0,0.252447111,6333.0,5,1,1,0,3.0,
0.070051664,33,0,1.834315169,1357.0,5,0,1,0,1.0,
0.467327809,24,1,0.152705963,2900.0,8,0,0,0,0.0,
0.056907613,59,0,0.193366573,4612.0,8,0,0,0,0.0,
0.606901284,29,0,0.462835728,1600.0,4,0,0,0,0.0,
0.175839363,38,0,0.433522159,3000.0,7,0,2,0,0.0,
0.767740156,39,1,0.197243254,5150.0,8,0,0,0,3.0,
0.0,31,0,0.0,2300.0,4,0,0,0,0.0,
0.841446342,43,0,0.530308711,8000.0,8,0,4,0,3.0,
0.9999999,51,0,46.0,,0,2,0,0,,
0.936767923,53,0,0.99676443,9580.0,18,0,2,0,1.0,
0.023793957,53,0,0.508470226,11687.0,16,0,6,0,2.0,
1.024398373,38,0,2248.0,,10,0,1,0,0.0,
0.439770008,37,0,0.706748126,3600.0,10,0,1,0,1.0,
1.130031949,67,2,980.0,,7,1,0,3,0.0,
1.006820535,36,8,0.698026147,3900.0,15,0,1,1,2.0,
0.044998125,57,0,0.069643165,5800.0,10,0,0,0,2.0,
0.156101155,76,0,3015.0,,7,0,2,0,0.0,
1.033804158,31,0,0.533513879,1476.0,8,0,0,0,3.0,
0.003424129,52,0,0.005278311,2083.0,18,0,0,0,2.0,
0.9999999,77,0,0.073737821,4515.0,3,0,0,0,0.0,
0.00843556,88,0,0.005950964,4200.0,15,0,0,0,0.0,
0.869666131,44,0,0.51616128,3000.0,6,0,2,0,1.0,
0.002849593,27,0,0.003198721,2500.0,7,0,0,0,0.0,
0.013593325,81,0,0.126098136,9333.0,3,0,1,0,0.0,
0.452580635,47,0,2120.0,0.0,6,0,1,0,0.0,
0.205373248,28,0,0.224962506,6000.0,14,0,0,0,0.0,
0.27434033,54,0,1.115631692,1400.0,19,0,1,0,0.0,
0.007181492,70,0,4.0,,4,0,0,0,0.0,
0.297318682,64,1,0.420702365,9766.0,27,0,2,0,0.0,
0.865671642,35,0,0.055804572,4461.0,3,1,0,0,3.0,
0.043826029,68,0,1289.0,,6,0,1,0,0.0,
0.035664968,49,0,0.210601719,5583.0,4,0,1,0,1.0,
0.050233067,47,0,0.396334812,13750.0,4,0,2,0,2.0,
0.203936118,57,0,223.0,,5,0,0,0,0.0,
0.039545788,58,0,0.557520477,5371.0,6,0,1,0,0.0,
0.003918471,69,0,0.249022164,3834.0,10,0,1,0,0.0,
0.9999999,35,0,0.019921544,13000.0,2,0,0,0,0.0,
0.079315929,46,1,0.318037887,18000.0,13,0,2,0,2.0,
0.032786314,77,0,0.045747158,7300.0,7,0,1,0,0.0,
0.161238422,68,0,0.320174314,3900.0,11,0,0,0,1.0,
0.041270464,54,1,0.228052967,4077.0,7,0,1,0,0.0,
0.036231636,60,0,0.214949071,6675.0,8,0,2,0,0.0,
0.059451843,85,0,0.029326816,4500.0,5,0,0,0,0.0,
0.077854918,78,0,0.104486939,8000.0,3,0,0,0,1.0,
0.177241138,34,0,0.660377358,6200.0,8,0,3,0,0.0,
0.001540612,61,0,0.683684398,2800.0,11,0,1,0,0.0,
0.149671522,44,0,0.500833135,4200.0,9,0,1,0,3.0,
0.052025269,73,0,0.005242311,8583.0,3,0,0,0,0.0,
0.11877241,41,0,0.434267444,10633.0,11,0,3,0,0.0,
0.099180164,42,0,31.0,,3,0,0,0,0.0,
0.9999999,30,0,1347.0,,3,0,1,0,0.0,
0.012255782,46,2,0.00123058,6500.0,5,0,0,0,3.0,
0.9999999,68,0,0.410294853,2000.0,2,0,1,0,1.0,
0.0,84,0,0.0,,2,0,0,0,,
0.022567689,35,0,0.328097731,4583.0,10,0,2,0,0.0,
0.113858702,56,2,0.167258208,6761.0,11,0,1,0,1.0,
1.047952048,40,1,0.047740618,7833.0,5,0,0,2,0.0,
0.542258344,66,0,0.257049018,16136.0,16,0,2,0,0.0,
0.468194818,49,0,1841.0,0.0,19,0,1,0,2.0,
0.066011139,70,0,0.207656066,8489.0,20,0,1,0,0.0,
0.009577584,49,0,0.185067958,5370.0,7,0,1,0,1.0,
0.9999999,44,0,0.226745684,7761.0,3,4,1,0,3.0,
0.959008198,31,3,0.386005256,3043.0,5,2,0,2,1.0,
0.347253264,53,0,0.224868985,6296.0,7,0,1,0,0.0,
0.144205783,33,0,0.046635813,2808.0,4,0,0,0,0.0,
0.0,52,0,0.241081427,6250.0,3,0,1,0,0.0,
0.013010994,70,0,0.163945645,10228.0,8,0,2,0,1.0,
0.087154149,41,0,0.203885344,10500.0,18,0,2,0,0.0,
0.020745635,71,0,0.173386129,8333.0,9,0,1,0,0.0,
0.376623377,24,0,0.002399651,4583.0,1,0,0,0,0.0,
0.441742023,40,0,0.357971746,3963.0,4,0,1,0,3.0,
0.068961545,54,0,0.131599936,6268.0,11,0,1,0,1.0,
0.040861063,64,0,0.274756987,6583.0,9,0,2,0,0.0,
0.030266135,62,0,0.311158512,7500.0,10,0,1,0,0.0,
0.090318069,48,0,833.0,,13,0,0,0,2.0,
0.381899385,44,2,0.328500707,8483.0,5,0,1,0,2.0,
0.451601683,68,0,0.747903706,3696.0,12,0,0,1,0.0,
0.367066895,57,1,0.429314137,5000.0,9,0,2,0,2.0,
0.352920856,60,0,0.357964204,10000.0,8,0,2,0,0.0,
0.308715689,42,0,0.004892232,65000.0,6,0,0,0,0.0,
0.310015971,44,0,0.660578387,2627.0,20,0,1,0,0.0,
0.026924929,75,0,0.006296852,3334.0,5,0,0,0,0.0,
0.0,43,0,0.353276846,5782.0,5,0,1,0,2.0,
0.458584538,44,0,0.798098025,4100.0,6,0,2,0,4.0,
0.0,22,0,0.0,820.0,3,0,0,0,0.0,
0.204498978,23,0,0.016196761,1666.0,2,0,0,0,0.0,
0.004619051,63,0,0.973097617,1300.0,5,0,1,0,0.0,
0.390591295,60,0,0.385452347,4962.0,8,0,1,0,0.0,
0.409878652,77,0,345.0,,3,0,0,0,0.0,
0.67663061,47,0,4235.0,,7,0,1,0,1.0,
0.908415184,38,0,1.985677083,767.0,5,0,2,0,2.0,
0.552855848,66,2,0.257652669,6500.0,9,0,0,0,0.0,
0.012577225,43,0,0.280571643,24000.0,18,0,1,0,0.0,
0.028957864,51,0,0.001249688,4000.0,3,0,0,0,0.0,
0.074250357,25,1,0.32773781,1250.0,4,0,0,0,0.0,
0.731817879,32,0,0.341590865,5166.0,3,0,2,0,0.0,
0.249045628,47,0,0.357217246,4800.0,6,0,1,0,1.0,
0.485117423,61,0,0.776315789,6611.0,17,0,2,0,2.0,
0.598421266,47,3,0.633574825,8833.0,12,0,1,0,2.0,
0.004515546,65,0,0.416612673,7716.0,6,3,2,0,1.0,
0.016932769,39,0,0.669079628,2900.0,8,0,1,0,3.0,
0.115922718,23,0,0.001954652,2557.0,2,0,0,0,0.0,
0.014931171,45,0,0.292972058,7085.0,45,0,1,0,3.0,
0.055542031,79,0,1866.0,,6,0,2,0,0.0,
0.018976335,84,0,25.0,,4,0,0,0,0.0,
0.222177782,64,0,66.0,0.0,3,0,0,0,0.0,
0.121643918,42,0,0.193617477,4668.0,5,0,1,0,2.0,
0.115206632,53,0,0.868906768,4225.0,14,0,3,0,3.0,
0.041274022,91,0,30.0,,1,0,0,0,0.0,
0.9999999,36,0,0.179064187,3333.0,4,0,0,0,0.0,
0.004547894,77,0,22.0,,2,0,0,0,,
0.263957124,45,1,0.079539221,7291.0,3,0,1,0,2.0,
0.9999999,52,1,0.121551985,3298.0,2,0,0,0,2.0,
0.034682655,48,0,0.323040729,6800.0,18,0,1,0,2.0,
0.00794695,34,0,0.390357698,4500.0,5,0,1,0,0.0,
0.438819381,49,0,0.661177961,3157.0,10,0,1,0,0.0,
0.068410966,43,0,0.39340165,4000.0,5,0,1,0,3.0,
0.0,35,0,0.260484623,8583.0,7,0,2,0,3.0,
0.016617578,51,0,1.65470852,222.0,4,0,0,0,0.0,
0.0,76,0,0.0,,3,0,0,0,0.0,
0.58290285,27,1,0.195601466,3000.0,4,0,0,0,0.0,
0.9999999,56,0,0.0,,1,0,0,0,,
0.013164473,73,0,3.0,,8,0,0,0,0.0,
0.925028324,60,1,1302.0,,10,0,1,0,0.0,
0.110132532,60,1,0.25698324,3400.0,14,0,0,0,0.0,
0.003333232,43,0,0.00869826,3333.0,3,0,0,0,1.0,
0.428571429,61,0,0.21035533,4924.0,8,0,0,0,0.0,
0.181217238,59,0,0.371727749,4583.0,9,0,2,0,0.0,
0.069512356,73,0,0.475104979,3333.0,9,0,1,0,0.0,
0.108563315,58,0,0.033062731,6774.0,7,0,0,0,0.0,
0.203056044,58,0,1755.0,,9,0,1,0,3.0,
0.004243535,71,0,0.124678079,6600.0,12,0,1,0,1.0,
0.106530267,42,0,0.23631018,2720.0,8,0,1,0,3.0,
0.067909352,49,0,0.569500852,7632.0,16,0,2,0,3.0,
0.161516581,41,0,0.68518783,7000.0,15,0,2,0,1.0,
0.207531447,48,1,0.353083659,5366.0,5,0,2,0,1.0,
0.931087525,66,0,0.28029819,4694.0,8,0,2,0,1.0,
1.02182055,24,1,0.284571809,3000.0,4,0,0,0,0.0,
0.568721564,62,0,363.0,0.0,5,1,0,0,0.0,
0.124252466,68,0,3294.0,,11,0,1,0,0.0,
0.643454705,41,1,0.142348754,1685.0,5,1,0,0,4.0,
0.024260136,48,0,2662.0,,9,0,3,0,0.0,
0.439626629,47,0,1.11023804,4326.0,16,0,2,0,1.0,
0.057795426,59,0,0.27584052,8000.0,10,0,1,0,0.0,
0.191776275,35,0,0.023999727,88000.0,7,0,1,0,0.0,
0.9999999,40,0,0.13961098,5500.0,3,0,0,0,2.0,
0.843537676,61,0,0.245639119,10490.0,8,0,1,0,1.0,
0.403541291,31,0,0.638676845,2750.0,11,0,2,0,0.0,
0.783349751,43,5,0.287578055,8967.0,9,2,2,0,0.0,
0.069172402,80,0,0.015205725,2235.0,5,0,0,0,0.0,
0.067042955,56,0,0.125307125,17500.0,7,0,1,0,1.0,
0.110285325,58,0,0.36,10499.0,12,0,2,0,1.0,
0.104695862,76,0,1890.0,,9,0,1,0,0.0,
0.279055457,33,0,2.473526474,1000.0,7,0,1,0,2.0,
0.809476194,52,3,0.354615194,4040.0,9,0,0,0,1.0,
0.059697015,55,0,0.101241563,12000.0,4,0,1,0,0.0,
0.007359398,56,0,0.329416702,4765.0,13,0,1,0,3.0,
0.147493931,41,0,0.334752824,5400.0,8,0,1,0,0.0,
0.010561033,36,0,0.61987041,4166.0,8,0,1,0,0.0,
0.211450225,57,0,0.774560496,2900.0,10,0,1,0,0.0,
0.011621751,67,0,15.0,,5,0,1,0,0.0,
0.007899868,49,0,0.351277936,8098.0,6,0,1,0,1.0,
0.147645528,54,0,1.197160568,5000.0,12,0,2,0,2.0,
0.032786885,79,0,0.117952819,2500.0,5,0,0,0,0.0,
0.464687191,51,2,0.977536503,5341.0,12,0,2,2,2.0,
0.018904054,69,0,0.146983668,9000.0,13,0,0,0,2.0,
0.151569686,29,0,0.387526779,4200.0,8,0,1,0,2.0,
0.136736072,54,0,0.351544337,6021.0,7,0,1,0,1.0,
0.20301026,60,0,0.299405716,10600.0,11,0,1,0,1.0,
